{
    "camera": {
        "fieldOfView": 47.23561405779375,
        "from": [
            -3.2312874794006348,
            7.603766441345215,
            1.1642365455627441
        ],
        "to": [
            -3.0416741371154785,
            6.9742350578308105,
            1.2066526412963867
        ],
        "up": [
            -0.0026746781077235937,
            0.06350723654031754,
            0.9545182585716248
        ]
    },
    "output": {
        "resolution": [
            1920,
            1080
        ]
    },
    "surface": [
        "q4scene.obj"
    ],
    "directionalLights": [
        {
            "direction": [
                0.30217307806015015,
                1.4452611207962036,
                0.3934710621833801
            ],
            "radiance": [
                2.0,
                1.888087511062622,
                1.34230375289917
            ]
        }
    ],
    "pointLights": [
        {
            "location": [
                0.21627959609031677,
                1.2456971406936646,
                4.477257251739502
            ],
            "radiance": [
                8.274857963124267,
                22.14059064578763,
                23.8732414637843
            ]
        }
    ],
    "areaLights": []
}